<?xml version="1.0"?>
<YourCompany xmlns="www.yourcompany.com/Staff/XSD"
 xmlns:xsi="http://www.w3.org/2000/10/XMLSchema-instance"
 xsi:schemaLocation="www.yourcompany.com/Staff/XSD/CompanyStaff.xsd">
<Staff StaffID="12345">
<Name>Doe</Name>
<FirstName>John</FirstName>
<Function>Program Manager</Function>
<MemberOf>Development Team</MemberOf>
<SSNo>788313443</SSNo>
</Staff>

<Staff StaffID="00001">
<Name>Castor</Name>
<FirstName>Rob</FirstName>
<Function>CEO</Function>
<MemberOf>Executives</MemberOf>
<SSNo>661541234</SSNo>
</Staff>

</YourCompany>