<?xml version="1.0"?>
<doc>
    <assembly>
        <name>Mp3</name>
    </assembly>
    <members>
        <member name="T:Mp3.Mp3Info">
            <summary>
            Diese Klasse kapselt den lesenden Zugriff auf die 
            ID3v1/Id3v1.1-Infos aus MP3-Dateien.
            Informationen über die genaue Spezifikation
            des ID3-Standards finden sich auf
            http://www.id3.org/.
            Die Genre-Liste entstammt dem Dokument zur
            Spezifikation des IDv1-Standards unter
            http://www.id3.org/id3v2-00.txt, Anhang A3.
            </summary>
            <remarks>
            Autor: Björn Waide (b.waide@fme.de)
            Copyright: fme AG
            Anschrift:  fme AG - Petzvalstraße 38 - 38104 Braunschweig
            Telefon: 0531 / 238 54-0
            Erstellt: 02/2003
            </remarks>
        </member>
        <member name="F:Mp3.Mp3Info.m_genreArray">
            <summary>
            Dieses Array dient der Zuordnung des Genre-Bytes aus
            den Dateiinformationen zu einem Klarnamen. Es enthält
            die Genrenamen im Wortlaut der Spezifikation plus WinAmp-
            Erweiterungen, einzusehen unter http://www.id3.org/id3v2-00.txt,
            Abschnitt A3.
            </summary>
        </member>
        <member name="M:Mp3.Mp3Info.Read(System.String)">
            <summary>
            Liest die angegebene Datei ein und speichert, so vorhanden, die
            ID3v1-Titelinformationen in den Properties der Instanz dieser Klasse.
            </summary>
            <param name="filename">Der vollständige Pfad der einzulesenden Datei</param>
        </member>
        <member name="M:Mp3.Mp3Info.Read(System.IO.Stream)">
            <summary>
            Liest den angegebenen Stream ein und speichert, so vorhanden, die
            ID3v1-Titelinformationen in den Properties der Instanz dieser Klasse.
            </summary>
            <param name="s">Der lesbare Stream der einzulesenden Datei.</param>
        </member>
        <member name="M:Mp3.Mp3Info.ReadId3v1Info(System.IO.Stream)">
            <summary>
            Liest die ID3v1 Informationen aus der mp3-Datei ein.
            </summary>
            <returns>True, wenn ID3v1-Informationen eingelesen wurden, false sonst.</returns>
        </member>
        <member name="M:Mp3.Mp3Info.ParseId3v1Info(System.Byte[])">
            <summary>
            Parsed die ID3v1 Informationen aus dem übergebenen Byte-Array.
            </summary>
            <remarks>
            Die Definition der ID3v1 Titelinformationen stammen von
            http://www.id3.org/id3v1.html.
            </remarks>
            <returns>True, wenn ID3v1-Informationen eingelesen wurden, false sonst.</returns>
        </member>
        <member name="M:Mp3.Mp3Info.ConvertByteToString(System.Byte[],System.Int32,System.Int32)">
            <summary>
            Gibt ein übergebenes Byte-Array als String zurück.
            Dabei wird nur der Ausschnitt von pos1 bis pos2 berücksichtigt
            </summary>
            <param name="bytes">Zu konvertierendes Byte-Array</param>
            <param name="pos1">Position, ab der konvertiert werden soll.</param>
            <param name="pos2">Position, bis zu der konvertiert werden soll.</param>
            <returns></returns>
        </member>
        <member name="M:Mp3.Mp3Info.GetGenre(System.Int32)">
            <summary>
            Liefert das Genre als Klarname aus einer internen Liste.
            </summary>
            <param name="genreNr">Die im MP3-File gespeicherte Genre-Nr.</param>
            <returns>Klarnamen des Genres oder 'Unknown'.</returns>
        </member>
        <member name="M:Mp3.Mp3Info.ToString">
            <summary>
            Liefert die String-Repräsentation des MP3-Files.
            </summary>
            <returns>String-Repräsentation des MP3-Files.</returns>
        </member>
        <member name="P:Mp3.Mp3Info.Filename">
            <summary>
            Dateiname des einzulesenden MP3-Files.
            </summary>
        </member>
        <member name="P:Mp3.Mp3Info.ContainsID3v1Information">
            <summary>
            Gibt an, ob die Datei ID3v1-Informationen beinhaltet. Dieses Attribut
            ist ReadOnly.
            </summary>
        </member>
        <member name="P:Mp3.Mp3Info.Title">
            <summary>
            Name des Werkes aus den ID3v1-Informationen.
            </summary>
        </member>
        <member name="P:Mp3.Mp3Info.Artist">
            <summary>
            Name des Künstler aus den ID3v1-Informationen.
            </summary>
        </member>
        <member name="P:Mp3.Mp3Info.Album">
            <summary>
            Name des Albums aus den ID3v1-Informationen.
            </summary>
        </member>
        <member name="P:Mp3.Mp3Info.Year">
            <summary>
            Erscheinungsjahr aus den ID3v1-Informationen.
            </summary>
        </member>
        <member name="P:Mp3.Mp3Info.Comment">
            <summary>
            Kommentar aus den ID3v1-Informationen.
            </summary>
        </member>
        <member name="P:Mp3.Mp3Info.Genre">
            <summary>
            Genre aus den ID3v1-Informationen.
            </summary>
        </member>
        <member name="P:Mp3.Mp3Info.Track">
            <summary>
            CD-Track-Nummer aus den ID3v1-Informationen.
            </summary>
        </member>
    </members>
</doc>
