<FL:smarttaglist xmlns:FL="urn:schemas-microsoft-com:smarttags:list">
<FL:name>AspHeute Demo Tags</FL:name> 
<FL:lcid>1033</FL:lcid>
<FL:description>Simple SmartTags von AspHeute</FL:description>
<FL:moreinfourl>http://www.aspheute.com/</FL:moreinfourl>
<FL:smarttag type="urn:schemas-microsoft-com:smarttags#generalterms">
    <FL:caption>ASP bezogene Termini</FL:caption>
    <FL:terms>
        <FL:termlist>upload,datenbank,performance</FL:termlist>
    </FL:terms>
    <FL:actions>
        <FL:action id="AHDbCat"> 
            <FL:caption>Daten&amp;bank Artikel</FL:caption>
            <FL:url>http://www.aspheute.com/kategorien/Datenbank.htm</FL:url>
        </FL:action>
        <FL:action id="AHTipsCat">
            <FL:caption>&amp;Tips und Tricks</FL:caption>
            <FL:url>http://www.aspheute.com/kategorien/ASP%20Tricks.htm</FL:url>
        </FL:action>
    </FL:actions>
</FL:smarttag>
</FL:smarttaglist>