<?xml version="1.0" encoding="Windows-1252"?>
<articles>
<article>
<title><![CDATA[Das DataTable Objekt in ADO.NET]]></title>
<author><![CDATA[Christian Holm]]></author>
<url><![CDATA[http://www.aspheute.com/artikel/20001116.htm]]></url>
<date><![CDATA[16.11.2000]]></date>
<description><![CDATA[Dieser Artikel soll Ihnen eine kurze Einf&uuml;hrung &uuml;ber das DataTable Objekt in ADO.NET geben. Zuerst werden Sie die Eigenschaften dieses Objektes kennen lernen, und danach an Hand von Beispielen das notwendige Grundr&uuml;stzeug in komprimierter Form f&uuml;r die Instanzierung des Objektes bzw. das Arbeiten mit dem Objekt erhalten.]]></description>
</article>
<article>
<title><![CDATA[HTTP Komprimierung in IIS5]]></title>
<author><![CDATA[Christoph Wille]]></author>
<url><![CDATA[http://www.aspheute.com/artikel/20001115.htm]]></url>
<date><![CDATA[15.11.2000]]></date>
<description><![CDATA[Heute besch&auml;ftigen wir uns mit einem Feature des IIS 5, das wahrscheinlich kaum jemand kennt - HTTP Komprimierung. Dabei komprimiert IIS alle ausgehenden Dateien mit dem GZIP oder Deflate Algorithmus, was speziell f&uuml;r Bandbreiten-beengte Server mit viel statischem Inhalt einen enormen Geschwindigkeitsgewinn bringt (eine HTML Seite kann sehr gut komprimiert werden).]]></description>
</article>
<article>
<title><![CDATA[ASP.NET User Controls im Einsatz]]></title>
<author><![CDATA[Christian Holm]]></author>
<url><![CDATA[http://www.aspheute.com/artikel/20001114.htm]]></url>
<date><![CDATA[14.11.2000]]></date>
<description><![CDATA[User Controls (vormals Pagelets) sind ja ganz praktisch - man schreibt sich kleine Code Snippets die man immer wieder in seinen ASP.NET Web Projekten ben&ouml;tigt. Wenn sie dann zum Einsatz kommen sollen - einfach in dem ASP.NET File registrieren und aufrufen. Da&szlig; man aber auch mehr als ein simples Email-Standard-Formular mit den ASP.NET User Controls erstellen kann, soll dieser Artikel zeigen.]]></description>
</article>
<article>
<title><![CDATA[Eine simple UNZIP-Komponente programmieren]]></title>
<author><![CDATA[Christoph Wille]]></author>
<url><![CDATA[http://www.aspheute.com/artikel/20001113.htm]]></url>
<date><![CDATA[13.11.2000]]></date>
<description><![CDATA[Im heutigen Artikel werden wir uns eine einfache Unzip Komponente selbst programmieren - mit Hilfe von frei erh&auml;ltlichen Klassen-Bibliotheken und Visual C++. Selbst wenn man nicht daran interessiert ist, die vorgestellte Komponente zu erweitern - der Download enth&auml;lt die fertige Komponente, die man nur noch am eigenen Server registrieren mu&szlig;!]]></description>
</article>
<article>
<title><![CDATA[Excel Dateien ohne Excel anzeigen]]></title>
<author><![CDATA[Hubert Daubmeier]]></author>
<url><![CDATA[http://www.aspheute.com/artikel/20001110.htm]]></url>
<date><![CDATA[10.11.2000]]></date>
<description><![CDATA[Excel wird gerne zum Verwalten von Listen aller Art verwendet. Es ist einfacher zu handhaben und verlangt weniger - eigentlich keine - Struktur bei der Anlage, wie das etwa eine Datenbank erfordern w&uuml;rde. Nun w&auml;re es doch naheliegend so eine Excel-Datei auch im Web oder Intranet anzubieten. Wie man eine Excel-Datei auf den Server stellt und verlinkt wissen Sie sicher. Aber wie man sie schnell und einfach dem Benutzer anbietet, ohne da� sich Excel 
&ouml;ffnet zeigt dieser Artikel.]]></description>
</article>
</articles>