<?xml version="1.0"?>
<doc>
    <assembly>
        <name>WebMp3</name>
    </assembly>
    <members>
        <member name="T:Mp3.List">
            <summary>
            Diese Klasse zeigt in einem DataGrid alle in einem bestimmten Verzeichnis
            liegenden MP3-Dateien mit den ID3v1-Titelinformationen an. Sie verwendet
            dazu die Funktionalitäten der Klasse Mp3Info.
            Die Seite demonstiert zudem das Binden eines Controls an eine Collection.
            </summary>
        </member>
        <member name="F:Mp3.List.Mp3Grid">
            <summary>
            DataGrid der Web-Seite stellt die Titelinformationen dar.
            </summary>
        </member>
        <member name="M:Mp3.List.BindData">
            <summary>
            
            </summary>
        </member>
        <member name="M:Mp3.List.OnInit(System.EventArgs)">
            <summary>
            Auto-Generierte Initialisierungs-Methode
            </summary>
            <param name="e"></param>
        </member>
        <member name="M:Mp3.List.InitializeComponent">
            <summary>
            Required method for Designer support - do not modify
            the contents of this method with the code editor.
            </summary>
        </member>
    </members>
</doc>
