<?xml version="1.0"?>
<doc>
    <assembly>
        <name>FlashWebControl</name>
    </assembly>
    <members>
        <member name="T:Dots.WebControls.FlashObject">
            <summary>
               Summary description for FlashObject.
            </summary>
        </member>
        <member name="M:Dots.WebControls.FlashObject.Render(System.Web.UI.HtmlTextWriter)">
            <summary> 
               Render this control to the output parameter specified.
            </summary>
            <param name="output"> The HTML writer to write out to </param>
        </member>
        <member name="M:Dots.WebControls.FlashObject.RenderParam(System.String,System.String,System.Web.UI.HtmlTextWriter)">
            <summary>
             Renders a param child tag for the IE Object Tag
            </summary>
            <param name="NAME">The Attribute name</param>
            <param name="VALUE">The Attribute value</param>
            <param name="OUTPUT">The HtmlTextWriter to write with</param>
        </member>
        <member name="P:Dots.WebControls.FlashObject.VersionNumber">
            <summary>
             Sets the version of the Flash Player to render
            </summary>
        </member>
        <member name="P:Dots.WebControls.FlashObject.FileSource">
            <summary>
             Sets the File Source for the Flash Object
             </summary>
        </member>
        <member name="P:Dots.WebControls.FlashObject.SWLiveConnect">
            <summary>
             Specifies whether the browser should start Java when loading the Flash player for the first time.
             </summary>
        </member>
        <member name="P:Dots.WebControls.FlashObject.Play">
            <summary>
             Specifies whether the movie begins playing immediatly on loading in the browser.
             </summary>
        </member>
        <member name="P:Dots.WebControls.FlashObject.Loop">
            <summary>
             Specifies whether the movie repeats indefinitely or stops when it reaches the last frame.
             </summary>
        </member>
        <member name="P:Dots.WebControls.FlashObject.Quality">
            <summary>
             Specifies the level of anti-aliasing to be used during playback of the movie.
             </summary>
        </member>
        <member name="P:Dots.WebControls.FlashObject.BackColor">
            <summary>
             Specifies the background color of the movie.
            </summary>
        </member>
        <member name="P:Dots.WebControls.FlashObject.Scale">
            <summary>
             Defines how the movie is placed within the browser when Width and Height
             values are percentages
            </summary>
        </member>
        <member name="P:Dots.WebControls.FlashObject.Align">
            <summary>
             Specifies the Align attribute for the Object or Embed tags and determines
             how the Flash movie will be position in the browser
             </summary>
        </member>
        <member name="P:Dots.WebControls.FlashObject.SAlign">
            <summary>
            Specifies where a scaled Flash movie is positioned within the defined Width and Height settings
            </summary>
        </member>
        <member name="P:Dots.WebControls.FlashObject.Base">
            <summary>
            Specifies the base directory or URL used to resolve all relative path statements in the Flash movie
            </summary>
        </member>
        <member name="P:Dots.WebControls.FlashObject.Menu">
            <summary>
            Specifies what type of menu is displayed when the user right-clicks
            </summary>
        </member>
        <member name="P:Dots.WebControls.FlashObject.WMode">
            <summary>
            Lets you take advantage of the transparent movie, absolute positioning, and layering
            capabilites of IE 4
            </summary>
        </member>
        <member name="P:Dots.WebControls.FlashObject.Width">
            <summary>
             Specifies the width of the Flash movie
             </summary>
        </member>
        <member name="P:Dots.WebControls.FlashObject.Height">
            <summary>
             Specifies the height of the Flash movie
             </summary>
        </member>
        <member name="T:Dots.WebControls.FlashObject.VersionNumberEnumeration">
            <summary>
            	Specifies the version of the flash player
            	to render.
            </summary>
        </member>
        <member name="F:Dots.WebControls.FlashObject.VersionNumberEnumeration.Flash4">
            <summary>
            	Flash 4 Player
            </summary>
        </member>
        <member name="F:Dots.WebControls.FlashObject.VersionNumberEnumeration.Flash5">
            <summary>
            	Flash 5 Player
            </summary>
        </member>
        <member name="T:Dots.WebControls.FlashObject.QualityEnumeration">
            <summary>
            	Specifies the level of anti-aliasing to be used during playback of your
            	movie. Because anti-aliasing requires a faster processor to smooth each frame of
            	the movie before it is rendered on the viewer's screen, choose a value based on
            	whether speed or appearance is your top priority.
            </summary>
        </member>
        <member name="F:Dots.WebControls.FlashObject.QualityEnumeration.Low">
            <summary>
            Low favors playback speed over appearance and never uses anti-aliasing.
            </summary>
        </member>
        <member name="F:Dots.WebControls.FlashObject.QualityEnumeration.Medium">
            <summary>
            Medium applies some anti-aliasing and does not smooth bitmaps. It produces a
            better quality than the Low setting, but lower quality than the High setting.
            </summary>
        </member>
        <member name="F:Dots.WebControls.FlashObject.QualityEnumeration.High">
            <summary>
            High favors appearance over playback speed and always applies anti-aliasing. If
            the movie does not contain animation, bitmaps are smoothed; if the movie has
            animation, bitmaps are not smoothed.
            </summary>
        </member>
        <member name="F:Dots.WebControls.FlashObject.QualityEnumeration.AutoLow">
            <summary>
            Autolow emphasizes speed at first but improves appearance whenever possible.
            Playback begins with anti-aliasing turned off. If the Flash Player detects that
            the processor can handle it, anti-aliasing is turned on.
            </summary>
        </member>
        <member name="F:Dots.WebControls.FlashObject.QualityEnumeration.AutoHigh">
            <summary>
            Autohigh emphasizes playback speed and appearance equally at first but
            sacrifices appearance for playback speed if necessary. Playback begins with anti-aliasing
            turned on. If the actual frame rate drops below the specified frame rate,
            anti-aliasing is turned off to improve playback speed.
            </summary>
        </member>
        <member name="F:Dots.WebControls.FlashObject.QualityEnumeration.Best">
            <summary>
            Best provides the best display quality and does not consider playback speed. All
            output is anti-aliased and all bitmaps are smoothed.
            </summary>
        </member>
        <member name="T:Dots.WebControls.FlashObject.ScaleEnumeration">
            <summary>
            	Defines how the movie is placed within the browser window when
            	WIDTH and HEIGHT values are percentages.
            </summary>
        </member>
        <member name="F:Dots.WebControls.FlashObject.ScaleEnumeration.ShowAll">
            <summary>
            Makes the entire movie visible in the specified area without
            distortion, while maintaining the original aspect ratio of the movie. Borders
            may appear on two sides of the movie.
            </summary>
        </member>
        <member name="F:Dots.WebControls.FlashObject.ScaleEnumeration.NoBorder">
            <summary>
            No Border scales the movie to fill the specified area, without distortion
            but possibly with some cropping, while maintaining the original aspect ratio
            of the movie.
            </summary>
        </member>
        <member name="F:Dots.WebControls.FlashObject.ScaleEnumeration.ExactFit">
            <summary>
            Exact Fit makes the entire movie visible in the specified area without trying to
            preserve the original aspect ratio. Distortion may occur.
            </summary>
        </member>
        <member name="T:Dots.WebControls.FlashObject.AlignmentEnumerations">
            <summary>
            Specifies the ALIGN attribute for the OBJECT , EMBED , and IMG tags and determines
            how the Flash movie window is positioned within the browser window.
            </summary>
        </member>
        <member name="F:Dots.WebControls.FlashObject.AlignmentEnumerations.Left">
            <summary>
            Left, Right, Top, and Bottom align the movie along the corresponding edge of
            the browser window and crop the remaining three sides as needed.
            </summary>
        </member>
        <member name="F:Dots.WebControls.FlashObject.AlignmentEnumerations.Right">
            <summary>
            Left, Right, Top, and Bottom align the movie along the corresponding edge of
            the browser window and crop the remaining three sides as needed.
            </summary>
        </member>
        <member name="F:Dots.WebControls.FlashObject.AlignmentEnumerations.Top">
            <summary>
            Left, Right, Top, and Bottom align the movie along the corresponding edge of
            the browser window and crop the remaining three sides as needed.
            </summary>
        </member>
        <member name="F:Dots.WebControls.FlashObject.AlignmentEnumerations.Bottom">
            <summary>
            Left, Right, Top, and Bottom align the movie along the corresponding edge of
            the browser window and crop the remaining three sides as needed.
            </summary>
        </member>
        <member name="F:Dots.WebControls.FlashObject.AlignmentEnumerations.TopLeft">
            <summary>
            (SAlign Only)
            TL and TR align the movie to the top left and top right corner, respectively,
            of the browser window and crop the bottom and remaining right or left side
            as needed.
            </summary>
        </member>
        <member name="F:Dots.WebControls.FlashObject.AlignmentEnumerations.TopRight">
            <summary>
            (SAlign Only)
            TL and TR align the movie to the top left and top right corner, respectively,
            of the browser window and crop the bottom and remaining right or left side
            as needed.
            </summary>
        </member>
        <member name="F:Dots.WebControls.FlashObject.AlignmentEnumerations.BottomLeft">
            <summary>
            (SAlign Only)
            BL and BR align the movie to the top left and top right corner, respectively,
            of the browser window and crop the bottom and remaining right or left side
            as needed.
            </summary>
        </member>
        <member name="F:Dots.WebControls.FlashObject.AlignmentEnumerations.BottomRight">
            <summary>
            (SAlign Only)
            BL and BR align the movie to the top left and top right corner, respectively,
            of the browser window and crop the bottom and remaining right or left side
            as needed.
            </summary>
        </member>
        <member name="F:Dots.WebControls.FlashObject.AlignmentEnumerations.Center">
            <summary>
            (Default Value)
            Centers the movie in the browser window and crops edges if the
            browser window is smaller than the movie.
            </summary>
        </member>
        <member name="T:Dots.WebControls.FlashObject.WModeEnumeration">
            <summary>
            Lets you take advantage of the transparent movie, absolute
            positioning, and layering capabilities available in Internet Explorer 4.0. This tag
            works only in Windows with the Flash ActiveX control.
            </summary>
        </member>
        <member name="F:Dots.WebControls.FlashObject.WModeEnumeration.Window">
            <summary>
            plays the movie in its own rectangular window on a Web page.
            </summary>
        </member>
        <member name="F:Dots.WebControls.FlashObject.WModeEnumeration.Opaque">
            <summary>
            makes the movie hide everything behind it on the page.
            </summary>
        </member>
        <member name="F:Dots.WebControls.FlashObject.WModeEnumeration.Transparent">
            <summary>
            makes the background of the HTML page show through all the
            transparent portions of the movie, and may slow animation performance.
            </summary>
        </member>
    </members>
</doc>
