<?xml version="1.0"?>
<doc>
    <assembly>
        <name>Mp3Console</name>
    </assembly>
    <members>
        <member name="T:Mp3.Mp3Console">
            <summary>
            Diese Klasse nutzt die Möglichkeiten der Klasse Mp3Info, um alle MP3
            Dateien eines Verzeichnisses mit Ihren ID3v1-Titelinformationen
            an der Konsole auszugeben.
            </summary>
        </member>
        <member name="M:Mp3.Mp3Console.Main(System.String[])">
            <summary>
            Einstiegs-Methode. Als Parameter werden der einzulesende Pfadname
            und optional ein Suchpattern der Form "*.mp3" erwartet.
            </summary>
        </member>
        <member name="M:Mp3.Mp3Console.ShowFiles(System.String,System.String)">
            <summary>
            Liest alle im Pfad enthaltenen Dateien, die dem Suchmuster entsprechen,
            ein und gibt Dateiname plus evtl. vorhandener ID3v1-Tags auf der Konsole
            aus.
            </summary>
            <param name="path">Absoluter Pfad des einzulesenden Verzeichnisses.</param>
            <param name="search">Suchpattern für die Dateinamen.</param>
        </member>
    </members>
</doc>
