<?xml version="1.0" encoding="Windows-1252"?>
<articles>
<article>
<title><![CDATA[Probleme beim Verarbeiten von Datumswerten]]></title>
<author><![CDATA[Christian Koller]]></author>
<url><![CDATA[http://www.aspheute.com/artikel/20000413.htm]]></url>
<date><![CDATA[13.4.2000]]></date>
<description><![CDATA[Als Entwickler von Web Sites ist das Datumsformat ein ganz spezielles Problem, bei dem man sehr schnell anst&ouml;&szlig;t - weil sich die L&auml;ndereinstellungen des jeweiligen Servers auf den Code Ihrer ASP Seiten auswirken. Dieser Artikel zeigt eine L&ouml;sung, die auf allen Systemen die gew&uuml;nschten Ergebnisse liefert.]]></description>
</article>
<article>
<title><![CDATA[Pr&uuml;fen ob ein Browser Cookies annimmt]]></title>
<author><![CDATA[Christian Koller]]></author>
<url><![CDATA[http://www.aspheute.com/artikel/20000412.htm]]></url>
<date><![CDATA[12.4.2000]]></date>
<description><![CDATA[Ob ein Browser Cookies annimmt ist in vielen Anwendungen wichtig.
Wenn Sie eine einfache E-Commerce Applikation implementieren,
bei der die bereits bestellten Waren (Shopping-Bag) in einer Session 
Variablen mitgef&uuml;hrt werden,
oder einen dauerhaften Cookie zur Personalisierung Ihrer Website setzen wollen,
immer h&auml;ngt der Erfolg Ihres Bem&uuml;hens davon ab, ob der Browser
Cookies annimmt.]]></description>
</article>
<article>
<title><![CDATA[Flash Plug-In Erkennung]]></title>
<author><![CDATA[Christian Koller]]></author>
<url><![CDATA[http://www.aspheute.com/artikel/20000411.htm]]></url>
<date><![CDATA[11.4.2000]]></date>
<description><![CDATA[Ob nun Macromedia Flash nur als multimediales Intro f&uuml;r eine Website gebraucht wird, oder als tragendes Element zum Beispiel als Navigationsleiste,
immer stellt sich die bange Frage: &quot;Hat der User in seinem Browser auch das ben&ouml;tigte Flash Plug-In installiert?&quot;]]></description>
</article>
<article>
<title><![CDATA[Browsereigenschaften mit BrowserHawk 2000 bestimmen]]></title>
<author><![CDATA[Christian Koller]]></author>
<url><![CDATA[http://www.aspheute.com/artikel/20000410.htm]]></url>
<date><![CDATA[10.4.2000]]></date>
<description><![CDATA[Lernen Sie die Browserhawk Komponente kennen - in diesem "Appetizer-Artikel" stellt Christian die Komponente vor, in weiteren folgen dann konkrete Anwendungsbeispiele f&uuml;r Web Sites.]]></description>
</article>
<article>
<title><![CDATA[XML Data Islands]]></title>
<author><![CDATA[Christoph Wille]]></author>
<url><![CDATA[http://www.aspheute.com/artikel/20000407.htm]]></url>
<date><![CDATA[7.4.2000]]></date>
<description><![CDATA[In Internet Explorer k&ouml;nnen verschiedenste Data Source Objects (DSO) eingebunden werden, und ein komponentenunabh&auml;ngiges DSO ist das XML Data Island. In Zusammenhang mit serverseitigem ASP/ADO Code kann man so Intranetanwendungen geschwindigkeitsm&auml;&szlig;ig auf die Spr&uuml;nge helfen.]]></description>
</article>
</articles>