<!-- edited with XMLSPY v5 rel. 4 U (http://www.xmlspy.com) by Alexander Zeitler (WALTER GmbH) -->
<MyDataSet>
	<xsd:schema id="MyDataSet" xmlns:xsd="http://www.w3.org/2001/XMLSchema" xmlns:msdata="urn:schemas-microsoft-com:xml-msdata">
		<xsd:element name="Table">
			<xsd:complexType>
				<xsd:all>
					<xsd:element name="WebsiteID" msdata:ReadOnly="True" type="xsd:int"/>
					<xsd:element name="Website" type="xsd:string"/>
					<xsd:element name="WebsiteOperator" type="xsd:string"/>
				</xsd:all>
			</xsd:complexType>
		</xsd:element>
		<xsd:element name="MyDataSet">
			<xsd:complexType>
				<xsd:choice maxOccurs="unbounded">
					<xsd:element ref="Table"/>
				</xsd:choice>
			</xsd:complexType>
		</xsd:element>
	</xsd:schema>
	<Table>
		<WebsiteID>1</WebsiteID>
		<Website>http://www.aspxintra.net</Website>
		<WebsiteOperator>Alexander Zeitler</WebsiteOperator>
	</Table>
	<Table>
		<WebsiteID>2</WebsiteID>
		<Website>http://www.aspxheute.com</Website>
		<WebsiteOperator>Christoph Wille</WebsiteOperator>
	</Table>
	<Table>
		<WebsiteID>3</WebsiteID>
		<Website>http://www.qualityhosting.de</Website>
		<WebsiteOperator>QualityHosting</WebsiteOperator>
	</Table>
	<Table>
		<WebsiteID>4</WebsiteID>
		<Website>http://www.vbwelt.de</Website>
		<WebsiteOperator>Wolfgang Kluge</WebsiteOperator>
	</Table>
</MyDataSet>
