<?xml version="1.0" ?>
<?xml-stylesheet type="text/xsl" href="products.xsl" ?>

<Statistik>
	<Info>
		<Inhalt>Verkaufszahlen</Inhalt>
		<Von>10.11.2000</Von>
		<Bis>10.11.2001</Bis>
	</Info>

	<Software>
		<Produkt id="03485">
			<Name>Mailbuster</Name>
			<System>WIN</System>
			<Preis>350</Preis>
			<Sold quartal1="146" quartal2="163" quartal3="157" quartal4="143"></Sold>
		</Produkt>
		<Produkt id="03478">
			<Name>Personnel Firewall</Name>
			<System>WIN</System>
			<Preis>90</Preis>
			<Sold quartal1="751" quartal2="760" quartal3="694" quartal4="708"></Sold>
		</Produkt>
		<Produkt id="03490">
			<Name>Filtering Smart</Name>
			<System>UNX</System>
			<Preis>890</Preis>
			<Sold quartal1="147" quartal2="269" quartal3="375" quartal4="512"></Sold>
		</Produkt>
		<Produkt id="03417">
			<Name>Final Sniff</Name>
			<System>UNX</System>
			<Preis>120</Preis>
			<Sold quartal1="245" quartal2="241" quartal3="230" quartal4="259"></Sold>
		</Produkt>
		<Produkt id="03450">
			<Name>Space Panic</Name>
			<System>WIN</System>
			<Preis>60</Preis>
			<Sold quartal1="156" quartal2="123" quartal3="138" quartal4="154"></Sold>
		</Produkt>
	</Software>
</Statistik>