<?xml version="1.0" ?>
<?xml-stylesheet type="text/xsl" href="samp.xsl" ?>

<Kunden>
<!-- Kunden mit Namen und ID -->
    <Kunde id="45325">
        <Name>Meier</Name>
        <Vorname>Peter</Vorname>
        <Umsatz>1423</Umsatz>
        <Kaeufe>28</Kaeufe>
    </Kunde>
    <Kunde id="45326">
        <Name>Schmidt</Name>
        <Vorname>Harald</Vorname>
        <Umsatz>7421.00</Umsatz>
        <Kaeufe>19</Kaeufe>
    </Kunde>
    <Kunde id="45327">
        <Name>Weinberg</Name>
        <Vorname>Simon</Vorname>
        <Umsatz>5742.94</Umsatz>
        <Kaeufe>23</Kaeufe>
    </Kunde>
    <Kunde id="45328">
        <Name>Franz</Name>
        <Vorname>Gans</Vorname>
        <Umsatz>3650</Umsatz>
        <Kaeufe>15</Kaeufe>
    </Kunde>
</Kunden>
